Real First Packet,doctets/Duration
1359989817.767,189341.51785714287
1359989817.157,615.6529017857143
1359989825.412,1013.8888888888888
1359989828.183,647.0588235294118
1359989825.3,1005.859375
1359989839.334,9750.0
1359989835.943,2820.3125
1359989833.314,43.83116883116883
1359989833.696,905.0
1359989834.525,4247.023809523809
1359989816.28,203.72596153846155
1359989819.756,1238.0567528735633
1359989819.713,8468.75
1359989822.898,1366.0175120772947
1359989839.632,3802.734375
1359989837.759,25.763358778625957
1359989838.501,1766.40625
1359989839.267,2009.548611111111
1359989847.07,1897.5694444444443
1359989838.394,1178.9434523809523
1359989838.458,1965.7012195121952
1359989847.093,3949.21875
1359989823.858,309.59915611814347
1359989825.408,2619.073275862069
1359989852.981,2736.328125
1359989854.125,2476.1029411764707
1359989851.726,2863.28125
1359989848.144,974.2476851851852
1359989837.282,1751.736111111111
1359989837.171,433.0549568965517
1359989839.434,1957.8758445945946
1359989860.788,295621.09375
1359989860.431,7562.5
1359989841.44,3784.0073529411766
1359989843.264,3634.0725806451615
1359989845.815,54.84330484330484
1359989871.294,7479.166666666667
1359989851.318,632.8125
1359989873.047,560040.625
1359989856.228,6662.566489361702
1359989868.2,1438.701923076923
1359989828.523,3870.514774859287
1359989888.37,124.72345132743364
1359989900.623,1558.59375
1359989962.057,1700.2840909090908
1359990060.657,406.25
1359990088.276,421.875
1359990083.091,1878.771551724138
1359990087.054,2425.480769230769
1359990088.054,366.07142857142856
1359990086.036,3944.444444444445
1359990087.181,405.2493842364532
1359990115.744,1537.7604166666667
1359990126.654,11929.6875
1359990147.206,1677.556818181818
1359990208.297,1537.7604166666667
1359990298.108,437.5
1359990330.355,1677.556818181818
1359990334.856,1627.906976744186
1359990570.733,2911.9318181818185
1359990670.622,5246.710526315789
1359990669.999,6941.964285714285
1359990670.016,6919.642857142857
1359990669.863,1633.0645161290322
1359990672.165,433.9862440191388
1359990670.123,7878.125
1359990670.251,1899.1935483870968
1359990726.746,3524.305555555555
1359990812.709,2900.5681818181815
1359991054.995,2866.477272727273
1359991297.04,3547.0281862745096
1359991325.841,3658.8541666666665
1359991363.046,2595.703125
1359991363.407,1834.5588235294117
1359991724.275,1726.9736842105262
1359991724.272,5130.208333333333
1359991904.319,726.5625
1359991904.7,1908.75
1359991912.31,6837.053571428572
1359991911.288,3511.029411764706
1359992192.947,5829.545454545454
1359992190.762,5920.454545454546
1359992191.461,5343.75
1359992192.201,6331.25
1359992193.6,5755.681818181818
1359992194.378,6331.25
1359992195.018,5755.681818181818
1359992198.537,7034.722222222223
1359992199.109,7034.722222222223
1359992195.715,5829.545454545454
1359992199.681,5829.545454545454
1359992196.479,5829.545454545454
1359992200.38,7125.0
1359992197.179,6331.25
1359992197.816,7125.0
1359992200.95,5829.545454545454
1359992201.653,6331.25
1359992203.074,6331.25
1359992203.708,6412.5
1359992207.735,5755.681818181818
1359992205.109,6331.25
1359992208.433,6412.5
1359992206.351,6331.25
1359992202.383,7034.722222222223
1359992206.985,6412.5
1359992204.358,5829.545454545454
1359992205.674,6412.5
1359992209.062,5829.545454545454
1359992209.763,5829.545454545454
1359992190.171,9851.5625
1359992214.288,5829.545454545454
1359992212.039,5755.681818181818
1359992212.74,5755.681818181818
1359992216.322,6331.25
1359992213.439,4932.692307692308
1359992216.957,5755.681818181818
1359992217.763,7125.0
1359992210.528,5829.545454545454
1359992211.229,5276.041666666667
1359992215.004,6412.5
1359992215.702,7034.722222222223
1359992222.662,5829.545454545454
1359992221.943,5829.545454545454
1359992224.693,5829.545454545454
1359992225.374,5755.681818181818
1359992218.397,7125.0
1359992219.036,5829.545454545454
1359992219.735,5829.545454545454
1359992223.317,6331.25
1359992220.5,5755.681818181818
1359992223.952,5755.681818181818
1359992221.199,6412.5
1359992225.789,7034.722222222223
1359992226.759,6412.5
1359992231.618,5343.75
1359992232.381,5829.545454545454
1359992230.136,5829.545454545454
1359992233.08,6412.5
1359992230.873,5829.545454545454
1359992227.351,2003.90625
1359992229.39,5829.545454545454
1359992233.716,5276.041666666667
1359992234.537,5829.545454545454
1359992235.24,5829.545454545454
1359992239.395,6412.5
1359992241.345,6412.5
1359992241.983,7034.722222222223
1359992238.652,6412.5
1359992235.895,4580.357142857143
1359992239.971,6412.5
1359992236.835,7034.722222222223
1359992237.402,6412.5
1359992240.601,6412.5
1359992238.04,7034.722222222223
1359992243.319,5829.545454545454
1359992244.082,6331.25
1359992244.782,5829.545454545454
1359992248.363,5829.545454545454
1359992246.184,5829.545454545454
1359992249.748,5829.545454545454
1359992242.575,5829.545454545454
1359992246.863,5829.545454545454
1359992247.623,5755.681818181818
1359992245.421,5829.545454545454
1359992249.002,5829.545454545454
1359992255.221,5755.681818181818
1359992253.929,6331.25
1359992257.297,5829.545454545454
1359992254.538,6331.25
1359992250.442,5755.681818181818
1359992251.144,6331.25
1359992251.78,5829.545454545454
1359992252.54,7034.722222222223
1359992255.872,5829.545454545454
1359992253.117,5829.545454545454
1359992256.572,5829.545454545454
1359992257.621,5276.041666666667
1359992262.408,7034.722222222223
1359992258.759,5829.545454545454
1359992262.982,6412.5
1359992261.628,5829.545454545454
1359992259.417,5755.681818181818
1359992260.181,5343.75
1359992260.923,6412.5
1359992270.411,7034.722222222223
1359992271.617,6412.5
1359992268.736,4007.8125
1359992272.255,5829.545454545454
1359992269.733,6412.5
1359992274.206,7125.0
1359992267.29,6412.5
1359992270.936,6331.25
1359992267.927,5829.545454545454
1359992263.57,1121.7672413793102
1359992272.887,6331.25
1359992273.523,7034.722222222223
1359992274.791,5829.545454545454
1359992279.078,5829.545454545454
1359992276.258,5755.681818181818
1359992279.777,6331.25
1359992280.414,7034.722222222223
1359992280.967,5276.041666666667
1359992281.731,5755.681818181818
1359992278.337,5829.545454545454
1359992275.45,5755.681818181818
1359992276.891,5829.545454545454
1359992277.59,5755.681818181818
1359992282.445,5755.681818181818
1359992287.239,5829.545454545454
1359992283.846,5829.545454545454
1359992288.002,6412.5
1359992284.61,5829.545454545454
1359992288.637,5343.75
1359992285.863,5343.75
1359992290.081,5755.681818181818
1359992283.102,5829.545454545454
1359992286.622,7034.722222222223
1359992285.24,7034.722222222223
1359992289.334,5755.681818181818
1359992294.369,5829.545454545454
1359992295.069,5829.545454545454
1359992292.31,6412.5
1359992292.947,7125.0
1359992293.52,5276.041666666667
1359992297.23,5755.681818181818
1359992297.912,7034.722222222223
1359992290.863,5276.041666666667
1359992291.629,7034.722222222223
1359992295.725,5343.75
1359992296.472,6412.5
1359992301.266,5343.75
1359992302.029,7034.722222222223
1359992305.467,5829.545454545454
1359992298.485,5343.75
1359992302.645,6412.5
1359992299.253,5829.545454545454
1359992303.343,5829.545454545454
1359992299.951,7034.722222222223
1359992300.588,6412.5
1359992304.043,6412.5
1359992304.656,5343.75
1359992306.122,5755.681818181818
1359992306.951,4580.357142857143
1359992311.547,5829.545454545454
1359992308.537,4932.692307692308
1359992312.246,5343.75
1359992310.804,6331.25
1359992307.795,5755.681818181818
1359992309.306,5755.681818181818
1359992310.006,5755.681818181818
1359992312.948,5276.041666666667
1359992313.714,5829.545454545454
1359992314.513,5755.681818181818
1359992318.672,5343.75
1359992315.279,7034.722222222223
1359992319.5,6412.5
1359992316.554,5829.545454545454
1359992317.319,6412.5
1359992321.578,7034.722222222223
1359992315.809,5755.681818181818
1359992320.07,6412.5
1359992320.703,5343.75
1359992317.952,6412.5
1359992322.109,5829.545454545454
1359992326.394,7034.722222222223
1359992323.573,6412.5
1359992324.973,6412.5
1359992328.301,6331.25
1359992325.676,6412.5
1359992329.618,5829.545454545454
1359992330.318,7812.5
1359992322.826,5829.545454545454
1359992326.92,6412.5
1359992324.167,5829.545454545454
1359992327.621,6412.5
1359992328.941,6331.25
1359992331.086,5829.545454545454
1359992331.594,4211.348684210527
1359992331.848,7034.722222222223
1359992336.385,5829.545454545454
1359992333.249,5829.545454545454
1359992337.086,6331.25
1359992334.94,5829.545454545454
1359992331.483,2963.5416666666665
1359992335.64,5829.545454545454
1359992333.756,4445.3125
1359992333.884,5829.545454545454
1359992337.657,5829.545454545454
1359992343.163,7034.722222222223
1359992339.833,6412.5
1359992343.735,5755.681818181818
1359992345.111,5343.75
1359992345.941,5755.681818181818
1359992342.415,5829.545454545454
1359992338.447,7914.0625
1359992339.026,5829.545454545454
1359992340.483,7125.0
1359992344.389,5755.681818181818
1359992341.04,5829.545454545454
1359992341.74,6331.25
1359992326.157,1686.266447368421
1359992350.982,5829.545454545454
1359992346.694,6412.5
1359992351.682,6412.5
1359992348.224,6412.5
1359992352.382,6412.5
1359992348.925,5829.545454545454
1359992354.269,7812.5
1359992347.415,5276.041666666667
1359992349.564,6412.5
1359992352.956,6412.5
1359992350.201,6331.25
1359992353.591,6331.25
1359992331.188,2668.836805555555
1359992330.862,14953.125
1359992354.977,5276.041666666667
1359992358.622,5829.545454545454
1359992359.322,5829.545454545454
1359992360.02,5829.545454545454
1359992357.07,5343.75
1359992360.72,6412.5
1359992361.336,5829.545454545454
1359992362.038,5755.681818181818
1359992355.694,7034.722222222223
1359992356.33,6412.5
1359992357.838,6412.5
1359992366.393,5829.545454545454
1359992363.572,6331.25
1359992367.092,5755.681818181818
1359992364.911,6412.5
1359992365.612,5343.75
1359992369.225,5755.681818181818
1359992362.753,5829.545454545454
1359992364.156,6331.25
1359992367.738,5829.545454545454
1359992368.414,5276.041666666667
1359992369.881,6331.25
1359992374.393,5829.545454545454
1359992371.317,5755.681818181818
1359992375.092,6412.5
1359992372.017,5430.208333333334
1359992370.568,5829.545454545454
1359992375.681,5829.545454545454
1359992372.927,5829.545454545454
1359992376.354,7034.722222222223
1359992373.606,5829.545454545454
1359992376.93,5343.75
1359992377.696,7034.722222222223
1359992378.361,5829.545454545454
1359992379.128,6412.5
1359992382.902,5829.545454545454
1359992380.526,5755.681818181818
1359992382.114,5343.75
1359992385.615,5829.545454545454
1359992379.778,5755.681818181818
1359992383.558,5343.75
1359992384.321,6331.25
1359992381.185,4932.692307692308
1359992384.934,6331.25
1359992390.57,5755.681818181818
1359992387.048,5276.041666666667
1359992392.031,5343.75
1359992389.21,6331.25
1359992389.847,5829.545454545454
1359992386.3,5829.545454545454
1359992391.223,5829.545454545454
1359992387.762,6331.25
1359992388.403,5276.041666666667
1359992392.731,6412.5
1359992393.428,5755.681818181818
1359992393.786,6331.25
1359992402.341,7914.0625
1359992394.848,6412.5
1359992396.123,6331.25
1359992397.46,7034.722222222223
1359992401.616,6412.5
1359992395.463,7034.722222222223
1359992396.672,6412.5
1359992397.993,1161.830357142857
1359992407.192,5276.041666666667
1359992404.243,6113.839285714285
1359992407.955,2290.1785714285716
1359992405.135,6412.5
1359992402.927,7034.722222222223
1359992406.51,6412.5
1359992403.495,5829.545454545454
1359992405.767,6412.5
1359992409.668,5829.545454545454
1359992410.467,5829.545454545454
1359992414.498,6412.5
1359992411.168,6331.25
1359992411.868,7034.722222222223
1359992416.696,6331.25
1359992413.88,7034.722222222223
1359992415.146,6412.5
1359992412.45,6331.25
1359992415.826,4932.692307692308
1359992413.074,5755.681818181818
1359992417.292,5755.681818181818
1359992418.058,8015.625
1359992422.739,6412.5
1359992418.702,6412.5
1359992423.433,6412.5
1359992419.981,6412.5
1359992420.618,7034.722222222223
1359992424.837,5829.545454545454
1359992421.996,6412.5
1359992419.299,6331.25
1359992424.091,5829.545454545454
1359992421.206,5829.545454545454
1359992425.469,5829.545454545454
1359992427.783,6331.25
1359992431.303,5829.545454545454
1359992428.42,5755.681818181818
1359992426.275,5343.75
1359992427.04,5829.545454545454
1359992430.559,6331.25
1359992431.955,6331.25
1359992432.579,6412.5
1359992429.123,6331.25
1359992429.759,5829.545454545454
1359992415.005,84.23913043478261
1359992414.137,545.948093220339
1359992434.119,7006.944444444444
1359992434.293,325.7748983739837
1359992480.452,1438.701923076923
1359992513.775,1019.4444444444443
1359992513.282,581.25
1359992660.499,17.605633802816904
1359992665.583,218.75
1359992697.876,67.85714285714285
1359992721.775,3128.90625
1359992721.924,375.0
1359992731.477,842.6011029411765
1359992717.524,2297.794117647059
1359992722.363,366.07142857142856
1359992722.51,10940.625
1359992756.038,98.48484848484848
1359992904.841,23.4375
1359992909.854,7882.8125
1359992909.981,1160.15625
1359992962.996,221.5909090909091
1359992964.577,58.035714285714285
1359993039.87,27041.666666666668
1359993040.065,67369.79166666667
1359993039.72,6710.9375
1359993026.168,3137.8676470588234
1359993026.096,1575.8698453608247
1359993048.865,58598.958333333336
1359993049.268,54820.3125
1359993048.535,8842.1875
1359993027.56,15359.375
1359993029.57,306906.25
1359993029.632,1627.3674242424242
1359993038.123,211.3685344827586
1359993029.441,8802.303403755868
1359993064.047,40871.875
1359993073.712,58598.958333333336
1359993074.031,29934.375
1359993074.03,25184.375
1359993074.03,53012.5
1359993074.86,31476.5625
1359993076.008,22800.78125
1359993076.327,11824.65277777778
1359993076.327,12872.767857142857
1359993073.573,43679.6875
1359993074.84,42784.375
1359993075.987,22800.78125
1359993076.307,15867.1875
1359993076.307,13115.234375
1359993073.234,17634.375
1359993082.73,43824.21875
1359993083.112,29286.458333333332
1359993083.304,8867.1875
1359993084.007,40562.5
1359993084.135,24616.31944444444
1359993076.326,8311.079545454544
1359993076.902,8781.25
1359993076.966,17953.125
1359993077.029,22593.75
1359993077.285,42476.5625
1359993083.092,31476.5625
1359993083.922,29557.291666666668
1359993076.305,8197.443181818182
1359993076.689,4418.75
1359993085.556,35744.791666666664
1359993085.748,17784.375
1359993085.875,15028.645833333334
1359993085.875,15111.979166666666
1359993086.258,21875.0
1359993086.13,30067.708333333332
1359993086.514,18781.25
1359993091.887,43679.6875
1359993089.963,15670.833333333332
1359993085.865,3942.7083333333335
1359993085.865,35595.982142857145
1359993086.057,19031.25
1359993086.057,12796.875
1359993086.12,27041.666666666668
1359993086.376,18984.375
1359993091.677,40562.5
1359993077.151,2384.723297213622
1359993076.364,13937.5
1359993108.066,42062.5
1359993112.144,1207213.0
1359993154.406,2991.0714285714284
1359993108.187,1005174.4791666666
1359993396.303,3050.595238095238
1359993452.367,1329.1015625
1359993637.395,2741.8478260869565
1359993727.367,3105.625
1359993541.712,379.5456603090295
1359993879.449,11129.464285714286
1359993907.22,1476.5625
1359994026.486,5889.583333333333
1359994266.943,541.6666666666666
1359994342.104,67369.79166666667
1359994355.058,11968.75
1359994352.736,44054.6875
1359994353.311,31476.5625
1359994353.309,42784.375
1359994354.778,9351.5625
1359994354.778,1820.3125
1359994355.162,22730.46875
1359994355.417,40562.5
1359994351.962,7285.15625
1359994352.843,58869.791666666664
1359994354.439,41062.5
1359994354.438,27375.0
1359994354.694,40562.5
1359994354.758,6484.375
1359994354.758,7531.25
1359994354.822,1380.859375
1359994354.694,10157.986111111111
1359994354.95,8614.583333333334
1359994337.231,7283.854166666667
1359994360.094,58703.125
1359994360.54,22167.96875
1359994364.378,4468.75
1359994364.377,4568.75
1359994364.504,27041.666666666668
1359994364.568,40562.5
1359994364.696,12796.875
1359994362.389,18409.926470588234
1359994360.519,26979.910714285714
1359994360.778,4222.4702380952385
1359994364.101,27041.666666666668
1359994364.229,22230.46875
1359994364.356,4368.75
1359994361.347,12796.875
1359994364.674,12796.875
1359994362.114,22167.96875
1359994340.631,3560.6617647058824
1359994340.963,5914.473684210527
1359994365.283,23730.46875
1359994368.545,15654.166666666666
1359994364.383,10483.173076923076
1359994370.46,44085.9375
1359994355.353,883.504746835443
1359994365.325,18781.25
1359994370.247,40562.5
1359994374.941,28041.666666666668
1359994375.13,28838.541666666668
1359994375.965,1575516.262755102
1359994385.085,1502.7777777777778
1359994384.746,4925.78125
1359994482.046,1162.5
1359994482.402,1986.6365131578948
1359994581.563,406.25
1359994800.07,26.93965517241379
1359994805.187,437.5
1359995036.505,4047.991071428571
1359995037.923,783.8541666666666
1359995039.486,6595.982142857143
1359995865.648,1301.4547413793102
1359995869.451,7528.645833333333
1359995900.77,311.38392857142856
1359995904.826,1714.6516393442623
1359995969.851,415.17857142857144
1359995975.142,1413.7228260869565
1359996034.905,212.96296296296296
1359996039.195,3142.780172413793
1359996218.342,85.52631578947368
1359996201.78,48.5994983277592
1359996230.742,27.855431309904155
1359996281.374,73.86363636363637
1359996876.41,1990.056818181818
1359996879.776,835.3794642857143
1359996888.12,130.72916666666669
1359997256.95,337.5
1359997256.287,4340.277777777777
1359997256.605,437.5
1359997257.017,2659.0401785714284
1359997348.362,2627.6041666666665
1359997348.489,295.5915178571429
1359997367.34,406.25
1359997367.081,366.07142857142856
1359997400.956,1438.701923076923
1359997465.456,1700.2840909090908
1359997500.878,67.70833333333333
1359997576.241,37.326388888888886
1359997589.898,1700.2840909090908
1359997661.847,451.9230769230769
1359997665.817,4866.319444444444
1359997833.657,2866.477272727273
1359997842.157,447.11538461538464
1359997845.348,1433.894230769231
1359998086.609,116.07142857142857
1359998079.316,2741.8478260869565
1359998079.376,5091.517857142857
1359998140.363,149.14772727272725
1359998323.485,2122.4798387096776
1359998569.412,2911.9318181818185
1359998771.235,7610.576923076924
1359998772.458,519.9262640449438
1359998771.646,30968.75
1359998769.791,1839.84375
1359998813.613,2785.326086956522
1359999012.238,125.0
1359999059.307,2741.8478260869565
1359999092.036,44.921875
1359999303.628,2911.9318181818185
1359999549.034,1591.6466346153845
1359999793.866,2866.477272727273
1360080492.224,31.25
1360099861.851,3767.708333333333
1360100105.239,4641.927083333333
1360100239.842,19.345238095238095
1360100238.017,607.390873015873
1360100242.551,437.5
1360100272.565,437.5
1360100272.818,541.6666666666666
1360100365.333,29113.636363636364
1360100349.013,366.07142857142856
1360100349.199,406.25
1360100349.984,4265.625
1360100366.673,323.36309523809524
1360100385.492,106744.79166666667
1360100385.747,160117.1875
1360100366.098,177.32319078947367
1360100386.322,160117.1875
1360100366.016,1631.6303453947369
1360100385.855,106744.79166666667
1360100366.845,104.5906007751938
1360100367.1,150.54347826086956
1360100367.566,337.0107827476038
1360100365.285,684.659090909091
1360100365.285,628.3482142857143
1360100368.529,156.41447368421052
1360100391.317,1226.1029411764705
1360100392.066,4925.0
1360100372.627,95.4153605015674
1360100392.408,176.0643115942029
1360100392.599,248.14814814814815
1360100392.663,250.0
1360100392.535,272.28860294117646
1360100392.726,194.4313909774436
1360100392.854,213.85973282442745
1360100393.174,149.30555555555554
1360100401.109,7244.791666666667
1360100401.172,1640.625
1360100401.491,2104.5673076923076
1360100401.746,3487.847222222222
1360100401.81,3373.046875
1360100401.873,2656.25
1360100401.937,2361.6071428571427
1360100402.128,5125.0
1360100402.064,4925.0
1360100392.464,237.34032846715328
1360100392.652,234.49160447761193
1360100392.779,166.66666666666666
1360100392.971,161.5794573643411
1360100393.034,226.1962890625
1360100400.906,5571.875
1360100393.226,199.52876984126985
1360100400.97,6284.375
1360100401.279,1808.59375
1360100401.407,2294.6428571428573
1360100401.598,2769.886363636364
1360100401.981,3473.9583333333335
1360100392.122,144.3661971830986
1360100392.25,192.74553571428572
1360100392.377,134.73731884057972
1360100385.774,3968.75
1360100408.536,1743.923611111111
1360100408.599,1587.3161764705883
1360100408.662,1162.109375
1360100408.79,1180.8035714285713
1360100408.854,1603.3653846153845
1360100408.981,2238.636363636364
1360100404.117,1358.173076923077
1360100409.108,2998.2638888888887
1360100409.3,4049.479166666667
1360100409.492,12343.75
1360100405.523,1792.2794117647059
1360100405.651,2092.7083333333335
1360100406.225,3416.6666666666665
1360100406.161,3517.8571428571427
1360100406.481,934.4951923076923
1360100406.42,6197.916666666667
1360100406.991,1861.111111111111
1360100402.255,999.4212962962963
1360100406.735,1683.2386363636365
1360100407.247,2001.1160714285716
1360100406.799,1595.2380952380954
1360100402.766,1763.157894736842
1360100407.502,1881.25
1360100402.958,2093.75
1360100407.437,2632.102272727273
1360100407.885,5433.59375
1360100407.949,9843.75
1360100403.405,3217.0138888888887
1360100403.469,2090.277777777778
1360100403.597,3591.5178571428573
1360100403.661,4643.229166666667
1360100408.204,1396.7391304347827
1360100408.4,1523.4375
1360100409.033,2050.0
1360100409.225,2656.25
1360100405.257,1377.9761904761904
1360100405.384,1690.7894736842106
1360100409.416,6503.125
1360100405.448,1519.9652777777776
1360100405.755,2075.721153846154
1360100405.819,1549.4791666666667
1360100405.946,1653.125
1360100406.01,2315.972222222222
1360100406.265,5396.875
1360100406.584,1354.8177083333333
1360100406.908,1653.782894736842
1360100407.095,1616.2109375
1360100407.159,1466.6666666666665
1360100402.359,743.75
1360100402.487,1056.3858695652173
1360100402.551,1477.9829545454545
1360100402.679,1851.5625
1360100407.351,1736.9791666666667
1360100402.806,1745.6597222222224
1360100407.67,3979.910714285714
1360100407.606,3142.578125
1360100407.798,6284.375
1360100402.997,1723.9583333333333
1360100403.125,1692.3076923076924
1360100403.189,2334.6354166666665
1360100403.253,1894.8863636363635
1360100403.765,7855.46875
1360100403.893,517.485119047619
1360100408.053,1157.5
1360100408.309,1302.827380952381
1360100390.238,288.0608974358974
1360100416.532,2716.796875
1360100416.85,9119.791666666666
1360100417.041,1082.4353448275863
1360100417.428,906.25
1360100417.488,1119.318181818182
1360100417.615,1025.0
1360100417.679,1420.2302631578948
1360100409.871,301.80180180180184
1360100417.87,1518.5546875
1360100417.998,2322.5446428571427
1360100410.38,182.64563106796118
1360100410.636,314.21875
1360100416.648,4921.875
1360100416.712,5787.5
1360100416.839,10708.333333333334
1360100416.903,982.8629032258065
1360100417.158,999.4212962962963
1360100417.222,715.1442307692307
1360100417.35,688.8020833333334
1360100409.541,288.7931034482759
1360100409.736,278.0696902654867
1360100417.787,1093.75
1360100409.979,201.83486238532112
1360100418.042,2848.5576923076924
1360100409.914,235.08522727272725
1360100418.106,2576.923076923077
1360100418.106,2417.0673076923076
1360100410.298,278.39543269230774
1360100418.17,2791.6666666666665
1360100410.105,261.8282710280374
1360100410.425,244.08373786407768
1360100410.169,196.63915094339623
1360100418.745,8619.791666666666
1360100410.553,275.83539603960395
1360100419.992,3808.59375
1360100420.055,4484.375
1360100420.695,854.1666666666666
1360100420.182,5396.875
1360100420.95,1214.84375
1360100420.246,4648.4375
1360100421.013,1711.3486842105262
1360100421.333,2244.4196428571427
1360100421.141,2178.3088235294117
1360100420.309,5510.416666666667
1360100421.205,2093.75
1360100421.397,2576.923076923077
1360100421.588,2585.9375
1360100421.652,2444.444444444445
1360100421.971,7238.28125
1360100422.034,6270.833333333333
1360100418.832,846.1538461538462
1360100418.96,1167.3177083333333
1360100419.024,906.25
1360100419.087,1316.0511363636365
1360100419.215,940.625
1360100419.47,1963.8671875
1360100419.726,2411.4583333333335
1360100420.555,947.1153846153845
1360100420.746,1173.2336956521738
1360100420.874,885.4166666666666
1360100420.416,744.4196428571429
1360100421.695,3501.953125
1360100421.886,4168.75
1360100419.322,1547.7430555555557
1360100419.258,1323.1907894736844
1360100419.514,1448.9583333333333
1360100419.897,3039.930555555555
1360100419.641,2271.6346153846152
1360100419.769,2920.4545454545455
1360100422.972,3484.375
1360100422.896,3484.375
1360100422.583,24328.125
1360100423.082,31312.5
1360100422.791,20921.875
1360100433.838,78.98410652920961
1360100594.364,89.84375
1360100598.804,19.691780821917806
1360100603.536,133.59375
1360100612.766,7.855191256830601
1360100619.833,14.215686274509803
1360100624.953,7116.071428571428
1360100675.798,196.02272727272725
1360100732.813,3143.973214285714
1360100857.29,41.09641119221411
1360100868.665,7116.071428571428
1360100885.471,6092.1875
1360100886.22,9279.513888888889
1360100884.665,5979.166666666667
1360100909.266,1501.1363636363637
1360100900.979,3089.285714285714
1360100936.968,5412.5
1360100973.034,68.85593220338983
1360101002.702,180.39772727272725
1360101057.766,500.0
1360101111.513,47.286184210526315
1360101125.126,541.6666666666666
1360101125.896,58.035714285714285
1360101120.996,9.913793103448276
1360101142.134,8302.083333333334
1360101298.777,75.5813953488372
1360101384.409,4284.8557692307695
1360101628.891,3713.5416666666665
1360101872.686,3713.5416666666665
1360102040.62,171.875
1360102117.335,3696.875
1360102360.901,4641.927083333333
1360102535.917,3094.669117647059
1360102604.585,4284.8557692307695
1360102626.019,158.85416666666666
1360102848.799,4265.625
1360102939.982,70.96354166666667
1360103092.647,4284.8557692307695
1360103290.132,281.25
1360103287.824,1037.9464285714287
1360103290.249,320.3125
1360103337.778,3696.875
1360103898.864,61.197916666666664
1360103934.314,28.245192307692307
1360117125.606,50.16447368421053
1360117263.049,51.520270270270274
1360133816.842,11.388483965014576
1360136965.151,50.16447368421053
1360154766.767,39.8936170212766
1360159258.488,281.25
1360159255.99,2270.5078125
1360159257.199,2431.5476190476193
1360159257.225,210.85963455149502
1360159258.932,366.07142857142856
1360159305.936,348.81756756756755
1360159367.248,391.0984848484849
1360159489.465,403.3203125
1360159494.677,437.5
1360159626.13,337.5
1360159625.169,2421.875
1360159626.943,320.3125
1360159730.039,1363.467261904762
1360159835.658,437.5
1360159859.36,529.5036764705883
1360159859.717,9621.875
1360159972.39,2478.940217391304
1360160214.18,2080.9151785714284
1360160218.316,3537.5971817298346
1360160345.376,2630.46875
1360160454.847,4067.3076923076924
1360160462.127,250.61383928571428
1360160462.184,3611.6071428571427
1360160509.78,759.1911764705882
1360160516.981,13220.982142857143
1360160570.682,717.0138888888888
1360160691.743,759.1911764705882
1360160700.528,7790.79861111111
1360160700.589,7776.041666666667
1360160932.743,2489.809782608696
1360161174.599,4280.048076923076
1360161414.754,3461.9140625
1360161656.278,3091.1458333333335
1360161897.596,1244.904891304348
1360162059.295,12.376237623762377
1360162082.515,437.5
1360162139.884,1218.4175531914893
1360162261.372,30.612244897959183
1360162262.594,34.090909090909086
1360162263.696,15.957446808510637
1360162263.628,32.608695652173914
1360162381.178,1168.686224489796
1360162567.392,210.9375
1360162566.269,2768.9144736842104
1360162567.476,2018.2291666666665
1360162568.126,366.07142857142856
1360162588.5,889.8026315789474
1360162641.379,125.0
1360162640.893,234.375
1360162640.903,350.0
1360162642.412,12.195121951219512
1360162697.083,6498.046875
1360162690.26,14.121338912133892
1360162690.031,11.387711864406779
1360162690.856,1604.3198529411764
1360162689.79,1997.532894736842
1360162690.298,5341.517857142857
1360162690.898,247.13541666666666
1360162693.299,3296.484375
1360162698.51,2677.8492647058824
1360162698.021,2616.0714285714284
1360162698.881,1281.8287037037037
1360162701.15,4025.0726744186045
1360162758.132,406.25
1360162742.655,1259.375
1360162803.724,304.9260496183206
1360162803.911,625.0
1360162800.64,696.9401041666666
1360162863.167,11.52482269503546
1360162882.153,10.416666666666666
1360162902.067,10.350318471337578
1360162931.196,73.86363636363637
1360162940.479,97.5
1360162942.111,325.0
1360162935.895,61.553030303030305
1360162943.116,40.625
1360162943.957,59.090909090909086
1360162944.213,24.253731343283583
1360162957.148,10.416666666666666
1360163089.656,55.32786885245901
1360163092.24,105470.05208333333
1360163089.135,490.9206081081081
1360163089.33,27.777777777777775
1360163089.965,2483.75
1360163090.029,233.69565217391306
1360163181.046,168.75
1360163182.316,406.25
1360163182.546,320.3125
1360163182.609,4255.208333333333
1360163181.8,1255.37109375
1360163182.815,234.78510498687663
1360163208.885,66.48936170212765
1360163238.812,183.03571428571428
1360163239.785,231.57051282051282
1360163238.282,189.208984375
1360163239.172,320.3125
1360163239.49,4642.045454545454
1360163286.797,666.1184210526316
1360163347.625,744.4852941176471
1360163458.795,2002.9296875
1360163458.904,6062.5
1360163469.169,703.125
1360163492.958,437.5
1360163523.227,13021.306818181818
1360163709.515,1318.536931818182
1360163946.333,5139.5188053097345
1360163952.004,1301.4914772727273
1360164193.905,1294.7916666666665
1360164436.357,3709.375
1360164549.127,4772.836538461538
1360164563.703,1089038.3522727273
1360164563.208,5609.375
1360164549.028,643.193493150685
1360164550.966,8978.945035460994
1360164551.113,2244.375
1360164552.28,2449.7282608695655
1360164553.235,1531.6220238095236
1360164556.391,7144.53125
1360164558.849,4952.1484375
1360164556.406,5168.526785714285
1360164561.233,48.08673469387755
1360164577.042,115.61743341404359
1360164591.2,76.00806451612902
1360164663.049,1577.1059782608697
1360164850.001,1403.125
1360165024.346,1265.625
1360165062.443,4031.25
1360165062.442,3887.5
1360165062.506,3128.90625
1360165062.307,4126.302083333333
1360165072.238,2287.3641304347825
1360165178.812,31.531894329896907
1360165204.633,1865.625
1360165258.649,2156.25
1360165258.517,1899.3055555555557
1360165293.023,18.617021276595743
1360165301.639,16.025641025641026
1360165306.664,79.54545454545455
1360165586.304,73.3173076923077
1360165619.282,187.5
1360165619.124,1912.0065789473683
1360165619.763,320.3125
1360165748.511,41.34615384615385
1360166167.242,1358.0729166666667
1360166227.992,281.25
1360166226.0,4051.0416666666665
1360166227.72,105.76923076923077
1360166503.55,337.5
1360166502.431,2794.471153846154
1360166504.292,320.3125
1360166701.456,218.75
1360166742.236,31.914893617021274
1360166748.506,31.914893617021274
1360166992.042,54.464285714285715
1360167046.215,31.914893617021274
1360167460.136,11.322463768115941
1360169205.664,132.5
1360169709.759,88.8157894736842
1360169708.444,54.6875
1360169707.439,1453.125
1360169777.58,4046.875
1360170007.892,39.52205882352941
1360170105.034,5908.482142857143
1360170167.064,72.61029411764706
1360170174.926,1968.75
1360170226.38,403.7388392857143
1360170224.548,33.061594202898554
1360170240.852,1068.8820422535211
1360170305.189,17.126623376623375
1360170353.399,9421.875
1360170345.056,1541.6666666666667
1360170410.359,6236.430921052632
1360170541.142,1227.6785714285713
1360170545.809,2882.8125
1360170541.115,2393.75
1360170541.114,765.625
1360170541.83,748.7113402061856
1360170546.765,1095.0704225352113
1360170545.491,24875.0
1360170546.065,2471.7548076923076
1360170551.254,4750.0
1360170595.547,52.221485411140584
1360170595.464,327.34375
1360170608.646,140.95744680851064
1360170666.426,128.30528846153845
1360170672.963,10.525823353293413
1360170791.519,75.23148148148148
1360171011.663,162.3733108108108
1360171015.775,31.53669724770642
1360171149.276,491.58653846153845
1360171151.454,29.38034188034188
1360171279.057,50.78125
1360171287.914,10.97972972972973
1360171308.274,10.416666666666666
1360171328.174,10.416666666666666
1360171324.482,476.5625
1360171555.924,77.38095238095238
1360171561.593,17.105263157894736
1360171577.614,10.350318471337578
1360172114.683,15.84507042253521
1360172942.715,59.5703125
1360173697.471,46.31474103585657
1360173716.703,1127.0833333333335
1360173723.352,27.855431309904155
1360173896.99,135.0
1360173897.166,256.25
1360173896.156,1953.90625
1360173899.625,1815.3125
1360174023.22,2669.407894736842
1360174075.503,40.71969696969697
1360174143.083,112.06896551724138
1360174207.213,337.5
1360174204.413,2204.9632352941176
1360174207.663,366.07142857142856
1360174335.764,2535.9375
1360174357.241,38.94927536231884
1360174520.414,177.6315789473684
1360174519.439,2136.9485294117644
1360174520.644,170.83333333333334
1360174649.59,1536.931818181818
1360174751.885,29.296875
1360174755.987,580.078125
1360174842.041,406.25
1360174838.56,140.625
1360174838.72,232.95454545454544
1360174840.723,1934.375
1360174962.561,1690.625
1360175153.432,337.5
1360175135.207,12.152777777777779
1360175150.716,2136.9485294117644
1360175170.975,5863.970588235295
1360175153.222,366.07142857142856
1360175165.798,974.1586538461538
1360175168.999,3154.7619047619046
1360175275.426,2535.9375
1360175353.65,433.1077188940092
1360175353.655,11968.75
1360175353.332,30968.75
1360175437.64,39.52205882352941
1360175469.507,187.5
1360175469.291,2136.9485294117644
1360175470.178,320.3125
1360175593.315,203.125
1360175587.521,2415.1785714285716
1360175624.144,89.84375
1360175694.325,250.0
1360175784.2,337.5
1360175783.02,2794.471153846154
1360175785.09,320.3125
1360175900.996,2669.407894736842
1360175961.293,250.0
1360176099.585,168.75
1360176097.484,2136.9485294117644
1360176098.943,160.15625
1360176107.616,10096.875
1360176155.176,1729.9107142857142
1360176156.102,437.5
1360176187.588,203.125
1360176213.911,2415.1785714285716
1360176347.592,406.25
1360176348.364,108.33333333333334
1360176429.984,46.05263157894736
1360176434.405,232.14285714285714
1360176472.528,153.4090909090909
1360176470.271,2417.96875
1360176473.547,21.53361344537815
1360176526.284,2535.9375
1360176684.426,38.94927536231884
1360176839.013,2535.9375
1360177152.85,2669.407894736842
1360177465.282,2535.9375
1360177778.057,2669.407894736842
1360178091.22,2669.407894736842
1360178404.702,2669.407894736842
1360178717.066,2535.9375
1360179029.831,2535.9375
1360179342.893,2669.407894736842
1360179499.117,22.817460317460316
1360185529.17,16.07142857142857
1360198712.713,32.608695652173914
1360199466.017,35.714285714285715
1360199535.425,9.741512345679013
1360200043.856,35.326086956521735
1360210943.498,32.608695652173914
1360217792.937,31.25
1360241948.302,82.88043478260869
1360247828.672,31.914893617021274
1360249062.0,14.15273556231003
1360249197.96,31.914893617021274
1360249441.535,13.575072886297376
1360252326.235,11.455278592375366
1360254417.852,5489.0625
1360254417.399,5109.375
1360254417.317,9871.875
1360254420.386,2058.59375
1360254451.743,6343.75
1360254451.806,3171.875
1360254476.768,215.2777777777778
1360254673.371,83.80681818181817
1360254682.312,15.830592105263158
1360254748.588,113.21504237288136
1360255119.761,375.4734848484849
1360255120.079,3500.0
1360255120.031,8476.5625
1360255120.031,18195.3125
1360255152.867,32.608695652173914
1360255246.123,4481.25
1360255351.698,73.09322033898304
1360255351.482,669.2708333333334
1360255354.977,320.3125
1360255552.267,47.14912280701755
1360256057.717,31.914893617021274
1360257947.618,2814.6802325581393
1360258255.204,2305.397727272727
1360258823.366,2305.397727272727
1360259248.68,34.57446808510638
1360260012.621,162881.25
1360260017.42,174875.0
1360260517.42,541.6666666666666
1360261101.576,23.38957055214724
1360261101.576,17.857142857142858
1360261950.885,11.73048048048048
1360262255.394,32.608695652173914
1360262814.643,31.914893617021274
1360262814.642,31.914893617021274
1360266264.136,31.25
1360267900.438,33.333333333333336
1360270514.106,31.914893617021274
1360270747.594,32.608695652173914
1360280849.057,31.914893617021274
1360302728.003,56.06617647058824
1360310674.275,39.8936170212766
1360311754.356,57.765151515151516
1360332884.89,2415.1785714285716
1360333069.554,198.1201171875
1360340089.15,3562.5
1360340094.621,24604.166666666668
1360340308.422,7125.0
1360340330.074,8559.375
1360340329.049,10699.21875
1360340330.144,4307.291666666667
1360340330.459,2289.1852094240835
1360340350.9,27229.40340909091
1360340332.02,1529.6141696750901
1360340340.38,16391.44736842105
1360340351.452,68101.5625
1360340351.511,26960.9375
1360340351.578,41538.0859375
1360340351.959,45509.94318181818
1360340352.087,46773.4375
1360340352.276,8986.979166666666
1360340352.271,58966.796875
1360340352.465,33869.791666666664
1360340335.254,8186.375473484848
1360340335.253,10585.286458333334
1360340335.317,10713.932806324112
1360340340.285,11086.795520231213
1360340351.675,64216.796875
1360340351.674,47401.5625
1360340351.673,31265.625
1360340329.209,2626.7361111111113
1360340328.664,2657.451923076923
1360340329.042,2421.09375
1360340330.112,9562.5
1360340330.176,2064.7321428571427
1360340330.366,6669.921875
1360340331.255,3356.6576086956525
1360340331.953,3450.836267605634
1360340330.224,6500.0
1360340330.224,11917.613636363636
1360340330.288,5173.177083333333
1360340331.873,3514.8865049751244
1360340352.606,5275.0
1360340334.228,220.3125
1360340341.511,69445.3125
1360340341.409,24114.583333333332
1360340340.867,1094.4652288732395
1360340353.016,32384.765625
1360340351.435,36191.40625
1360340351.693,24.245689655172413
1360340352.456,27.846534653465348
1360340352.52,10964.583333333334
1360340352.9,2704.326923076923
1360340352.963,1008.0645161290322
1360340352.936,3117.1875
1360340350.114,35292.1875
1360340353.249,384.22131147540983
1360340350.362,55136.16071428572
1360340350.43,61600.0
1360340351.254,18731.026785714286
1360340351.381,133.92857142857142
1360340351.619,24.88938053097345
1360340357.599,49445.3125
1360340358.154,596.201795212766
1360340358.28,659.0701219512194
1360340359.452,2494.8350694444443
1360340362.454,66369.79166666667
1360340362.518,2009.3283582089555
1360340362.518,1586.701127819549
1360340389.274,177.77122641509436
1360340389.342,4484.375
1360340389.341,4484.375
1360340389.276,4484.375
1360340389.276,264.11290322580646
1360340389.276,2242.1875
1360340389.276,2242.1875
1360340389.34,4484.375
1360340389.34,4484.375
1360340389.339,4484.375
1360340389.198,5078.125
1360340389.262,4484.375
1360340389.195,5078.125
1360340389.258,4484.375
1360340368.212,254.96227034120733
1360340368.132,355.2652994791667
1360340396.243,22.042410714285715
1360340388.169,1084.6431213017752
1360340410.814,36419.921875
1360340392.13,197.87906137184117
1360340392.13,214.6590909090909
1360340419.374,140.625
1360340409.399,188.58206371191136
1360340409.319,169.21263966480447
1360340428.239,17.385563380281692
1360340416.174,770.4032874617736
1360340431.793,870.4578488372093
1360340431.717,635.2237654320988
1360340436.515,3207.03125
1360340436.515,4871.875
1360340439.837,28.245192307692307
1360340447.255,280.96064814814815
1360340462.314,3360.9375
1360340462.245,1133.7316176470588
1360340462.245,4169.642857142857
1360340462.245,3656.25
1360340467.381,8454.044117647058
1360340477.183,2912.938191881919
1360340509.488,1494.7916666666667
1360340509.488,1494.7916666666667
1360340509.409,1494.7916666666667
1360340509.404,1494.7916666666667
1360340499.748,4661.875
1360340506.685,1703.4574468085107
1360340529.723,1214.5948753462603
1360340534.108,975.581983805668
1360340534.106,17553.125
1360340534.106,22328.125
1360340534.106,22721.354166666668
1360340534.967,36556.25
1360340534.967,1541.9642857142858
1360340534.966,1396.2898406374502
1360340538.703,618.6854719764012
1360340538.702,492.5986842105263
1360340540.328,3021.622474747475
1360340569.53,5078.125
1360340569.594,147.216796875
1360340569.454,181.18990384615387
1360340569.517,4484.375
1360340557.314,220.24093511450383
1360340557.228,266.1536654135339
1360340557.225,230.67748091603056
1360340564.29,439.9645110410095
1360340564.288,414.4275700934579
1360340578.048,17.760791366906474
1360340573.687,329890.625
1360340599.609,534.8557692307693
1360340601.597,34.93514150943396
1360340588.645,6478.271484375
1360340588.836,6634.533898305085
1360340588.512,63671.875
1360340622.899,7125.0
1360340601.868,2218.75
1360340602.22,6361.71875
1360340604.185,51820.3125
1360340603.775,236898.4375
1360340603.724,232916.66666666666
1360340604.109,63609.375
1360340604.108,46531.25
1360340604.108,61234.375
1360340604.108,47739.583333333336
1360340398.774,5801.141876906016
1360340419.445,2415.404232643118
1360340343.381,3688.34185669573
1360340343.443,7072.712852191414
1360340392.334,2434.200546116505
1360340627.818,6113.839285714285
1360340342.505,7682.40663322185
1360340341.438,11892.30480897379
1360340357.694,6266.96418059807
1360340617.401,8.754432624113475
1360340628.512,3862.980769230769
1360340659.75,3859.375
1360340675.815,2764.3229166666665
1360340681.738,7132.8125
1360340687.117,2740.234375
1360340682.186,11832.46527777778
1360340683.785,2435.7638888888887
1360340684.4,2740.234375
1360340683.265,3653.6458333333335
1360340687.583,2740.234375
1360340686.331,2740.234375
1360340695.157,2740.234375
1360340689.903,2740.234375
1360340690.474,3131.6964285714284
1360340689.197,2740.234375
1360340695.651,2740.234375
1360340696.251,2740.234375
1360340676.029,3203.8966049382716
1360340676.092,4315.625
1360340678.286,2948.958333333333
1360340678.286,14672.8515625
1360340675.95,1129.3471128608924
1360340677.766,1898.828125
1360340703.854,2740.234375
1360340681.201,33470.703125
1360340681.216,38070.3125
1360340682.147,70940.625
1360340682.143,4450.429137323944
1360340682.207,40500.0
1360340683.373,55.72755417956656
1360340705.21,2740.234375
1360340704.505,2740.234375
1360340694.201,1645.880681818182
1360340700.371,32238.636363636368
1360340729.243,712.3842592592594
1360340729.196,573.4953703703703
1360340357.761,8438.723793512658
1360340723.373,9.622713414634147
1360340932.985,7125.0
1360341013.172,6113.839285714285
1360341013.681,6113.839285714285
1360341014.381,2351.5625
1360341013.649,2769.230769230769
1360341014.92,846.5447154471544
1360341014.92,1063.3802816901407
1360341014.919,817.7083333333334
1360341014.982,5074.592391304348
1360341015.173,11916.193181818182
1360341015.168,4390.625
1360341014.845,786.7517605633802
1360341018.314,3308.0690298507466
1360341017.523,31343.75
1360341016.915,6372.106481481482
1360341018.762,72127.60416666667
1360341018.697,95312.5
1360341015.975,4835.44921875
1360341017.634,4194.602272727272
1360341016.959,5138.950892857143
1360341016.831,6945.870535714285
1360341016.831,2191.282894736842
1360341018.62,25182.765151515152
1360341018.619,80375.0
1360341018.683,97821.18055555556
1360341040.15,13974.645146520146
1360341054.117,2253.3540575916227
1360341054.497,2885.4166666666665
1360341074.482,4484.375
1360341074.482,4484.375
1360341074.476,4484.375
1360341074.403,4484.375
1360341074.403,140.625
1360341074.403,4484.375
1360341074.403,4484.375
1360341056.006,319.2644817073171
1360341065.71,2338.9423076923076
1360341066.25,266268.75
1360341066.166,125656.25
1360341066.166,6531.25
1360341084.308,17.144097222222225
1360341095.865,115888.02083333333
1360341095.86,108113.28125
1360341104.559,2242.1875
1360341016.557,4609.227701232778
1360341096.784,44615.72265625
1360341096.784,119733.72395833333
1360341105.414,1143.75
1360341105.413,1143.75
1360341105.477,2242.1875
1360341086.273,487.4320652173913
1360341105.35,69.87028301886792
1360341105.414,68.5763888888889
1360341106.331,67.32954545454547
1360341100.023,90134.07258064517
1360341088.362,1914.0625
1360341091.122,979.9107142857143
1360341091.569,2167.410714285714
1360341095.206,1085875.0
1360341095.119,2660.407110091743
1360341094.092,25596.875
1360341094.155,28281.25
1360341113.447,17.144097222222225
1360341114.63,128512.34375000001
1360341114.189,17.633928571428573
1360341114.503,16.90924657534247
1360341134.709,2242.1875
1360341134.709,2242.1875
1360341134.708,2242.1875
1360341153.957,2156.25
1360341183.422,36660.91954022989
1360341184.769,957.0658185840708
1360341197.944,69494.40586419753
1360341198.255,966.390306122449
1360341219.965,384384.2405913978
1360341224.569,1078.9262820512822
1360341230.892,59891.71281645569
1360341243.946,7125.0
1360341245.01,7296.875
1360341290.311,7125.0
1360341459.669,3562.5
1360341461.045,294.69936708860763
1360341461.045,607.7927215189874
1360341812.58,7125.0
1360342005.81,3562.5
1360342312.437,37.760416666666664
1360342399.33,39.8936170212766
1360343454.324,3078.125
1360343454.384,146543.40277777778
1360343453.066,116.37931034482759
1360343462.929,10005.208333333334
1360343453.597,14.933628318584072
1360343452.822,1303.125
1360343454.252,10459.753787878788
1360343455.499,440.43935643564356
1360343457.543,1282.613255033557
1360343458.707,2453.125
1360343461.614,6031.25
1360343466.283,4823.317307692308
1360343468.909,25523.936170212768
1360343506.809,6612.5
1360343508.288,547.3513719512196
1360343506.376,1438.28125
1360343508.376,89906.25
1360343561.991,13209.82142857143
1360343674.207,337.5
1360343651.312,7.098337950138504
1360343668.277,1580.163043478261
1360343673.594,366.07142857142856
1360343775.73,583.3333333333334
1360344189.196,9387.5
1360344430.36,106.48148148148148
1360344521.131,337.5
1360344519.111,4038.194444444445
1360344520.699,320.3125
1360344607.871,4501.420454545454
1360344607.79,2922.743055555555
1360344732.439,583.3333333333334
1360346181.945,58.86075949367089
1360346217.509,27.855431309904155
1360346282.699,225.0
1360346283.056,2057.565789473684
1360346283.691,366.07142857142856
1360346284.537,2253.41796875
1360346405.107,225.0
1360346404.68,2795.673076923077
1360346405.287,366.07142857142856
1360346609.2,583.3333333333334
1360346898.495,375.0
1360346896.103,2422.9166666666665
1360346897.739,320.3125
1360347079.358,62.5
1360347078.876,437.5
1360347422.595,59.343434343434346
1360351343.321,33.333333333333336
1360351493.902,32.608695652173914
1360357121.362,32.608695652173914
1360372076.864,21.76724137931034
1360405467.685,32.608695652173914
1360419670.15,59.5703125
1360427783.457,6.625
1360432447.944,39.8936170212766
1360434723.192,52.951388888888886
1360438485.947,40.76086956521739
1360439796.847,15.957446808510637
1360439796.677,31.914893617021274
1360452227.181,16.18705035971223
1360478541.699,17.410714285714285
1360495581.465,5.360032362459546
1360497825.907,8.992165242165242
1360498469.917,25.219298245614034
1360500473.549,50.16447368421053
1360504032.023,34.57446808510638
1360506625.671,31.914893617021274
1360509970.306,39.8936170212766
1360519178.728,39.8936170212766
1360521013.858,32.608695652173914
1360524216.788,11.909298780487806
1360525822.152,31.25
1360526217.527,11.455278592375366
1360526798.783,31.25
1360545957.48,33.333333333333336
1360548733.472,61.49193548387097
1360550532.198,31.914893617021274
1360552101.721,33.333333333333336
1360561193.202,32.608695652173914
1360562308.144,33.333333333333336
1360568247.391,50.16447368421053
1360571508.117,11.355377906976743
1360589109.468,1906.25
1360595110.255,48.87820512820513
1360595798.613,61.49193548387097
1360603384.079,16.07142857142857
1360603461.781,16.07142857142857
1360610419.792,11.06586402266289
1360628997.928,15.184859154929578
1360643635.488,143.75
1360648948.975,56.06617647058824
1360662579.012,34.57446808510638
1360666441.146,39.8936170212766
1360666595.243,79.30595930232558
1360680502.446,57.765151515151516
1360699028.331,32.608695652173914
1360707179.132,42.5531914893617
1360720932.558,57.765151515151516
1360734208.812,11.224856321839079
1360738296.167,39.8936170212766
1360739473.051,11.257204610951009
1360740741.948,16.843971631205672
1360763591.451,15.078671328671328
1360763937.816,59.5703125
1360781413.292,31.25
1360796679.706,33.333333333333336
1360821551.601,50.16447368421053
1360829052.99,11.695359281437126
1360832974.831,16.843971631205672
1360835229.785,179.6875
1360846429.505,57.765151515151516
1360851141.347,381.25
1360859526.717,10.14957264957265
1360859556.679,10.14957264957265
1360860192.299,10.14957264957265
1360860202.472,352781.25
1360860203.007,22412.5
1360860222.206,10.14957264957265
1360860285.668,123.046875
1360862230.392,2669.407894736842
1360862539.117,1408.8541666666667
1360871285.364,95.83333333333334
1360872817.59,23.185483870967744
1360886112.064,635.4166666666666
1360891477.496,16.304347826086957
1360912959.589,32.608695652173914
1360918700.993,39.8936170212766
1360922238.695,61.49193548387097
1360923002.31,125.0
1360927379.191,19.9468085106383
1360930548.397,15.078671328671328
1360942816.96,19.736842105263158
1360944261.396,11.625744047619047
1360945508.287,39.8936170212766
1360956576.552,205.35714285714286
